"","agua","floresta_inundavel","floresta_terrafirme","macrofitas_emergentes","macrofitas_flutuantes","solo","arbustos_inundaveis"
"mean.bs",0.1378,0.3751,0.2388,0.4047,0.2286,0.2017,0.4394
"sd.bs",0.101847380373228,0.215263498385987,0.140872318434141,0.24863041006297,0.263745438947589,0.142013336975046,0.235371273446095
